Modelo;Acurácia;Recall (Weighted);F1-Score (Macro);Tempo Total (s)
SVM (Linear);0.8575333170052453;0.8575333170052453;0.8566948221690449;3.1
Complement Naive Bayes;0.8218859155351957;0.8218859155351957;0.8209067495875416;1.04
Regressão Logística;0.8592422402590891;0.8592422402590891;0.8585598202428038;3.25
