Modelo;Acurácia;Recall (Weighted);F1-Score (Macro);Tempo Total (s)
SVM (Linear);0.8581097221542556;0.8581097221542556;0.8572882111581708;3.42
Complement Naive Bayes;0.8223809516560623;0.8223809516560623;0.8214188915452239;1.28
Regressão Logística;0.8604143094749283;0.8604143094749283;0.8597493397256173;4.84
