Modelo;Acurácia;Recall (Weighted);F1-Score (Macro);Tempo Total (s)
SVM (Linear);0.8535283726080198;0.8535283726080198;0.8526467908357789;1.39
Complement Naive Bayes;0.8185444732285914;0.8185444732285914;0.817543574882928;0.67
Regressão Logística;0.8538092863894089;0.8538092863894089;0.8530790352372396;2.3
