Modelo;Acurácia;Recall (Weighted);F1-Score (Macro);Tempo Total (s)
SVM (Linear);0.8572552181402605;0.8572552181402605;0.8564004384842999;4.2
Random Forest;0.8066771595985129;0.8066771595985129;0.8049837160301898;153.04
XGBoost;0.6924613573648982;0.6924613573648982;0.6878633992673728;34.21
Complement Naive Bayes;0.8211726208410901;0.8211726208410901;0.8202169906659409;2.78
KNN (5 Vizinhos);0.6704559689584058;0.6704559689584058;0.663284307061396;110.72
