Modelo;Acurácia;Recall (Weighted);F1-Score (Macro);Tempo Total (s)
SVM (Linear);0.8561223880152908;0.8561223880152908;0.8552635389494171;4.17
Random Forest;0.8048478721000626;0.8048478721000626;0.8030852973579489;115.92
XGBoost;0.6907209755450741;0.6907209755450741;0.6862369721444875;35.84
Complement Naive Bayes;0.820204819171274;0.820204819171274;0.8192477463630498;1.28
KNN (5 Vizinhos);0.670962949275203;0.670962949275203;0.6635846303535271;103.89
