Modelo;Acurácia;Recall (Weighted);F1-Score (Macro);Tempo Total (s)
SVM (Linear);0.8552332796380115;0.8552332796380115;0.8543862992900392;1.82
Complement Naive Bayes;0.8192366877719965;0.8192366877719965;0.8182613557370828;0.83
Regressão Logística;0.855373741862682;0.855373741862682;0.8546702763348186;2.92
